name,email,grade,score,hours
Sophia Reynolds,sophia.reynolds@example.com,Distinction,99%,40
Marcus Chen,marcus.chen@example.com,Honors,94%,40
Amara Okafor,amara.okafor@example.com,Distinction,97%,40
Liam Gallagher,liam.g@example.com,Pass,88%,40
Elena Rostova,elena.rostova@example.com,Distinction,100%,40
David Kim,david.kim@example.com,Honors,92%,40
Aisha Patel,aisha.patel@example.com,Distinction,96%,40
Carlos Mendoza,carlos.m@example.com,Honors,91%,40
Fatima Al-Mansoor,fatima.a@example.com,Distinction,98%,40
James Wilson,james.wilson@example.com,Pass,85%,40
